"min","median","mean","max","mem_alloc","itr.sec","n_gc"
1.22117460000001,1.23113710000001,NA,NA,601778592,0.812476959507551,3
